categoria,produto,preco,imagem
Lâminas & cartelas,Cartelas de Derby,27.00,04-cartelas-de-derby.jpg
Lâminas & cartelas,Cartelas de Lord Super,20.00,05-cartelas-de-lord-super.jpg
Lâminas & cartelas,Cartelas de Wilkson,25.00,06-cartelas-de-wilkson.jpg
Ceras & finalização,Cera Modeladora Matte 77 For Man,8.00,07-cera-modeladora-matte-77-for-man.jpg
Ceras & finalização,Cera Modeladora Black 70g Sete Sete,8.00,08-cera-modeladora-black-70g-sete-sete-for-man.jpg
Ceras & finalização,Cera Modeladora Caramelo 70g Sete Sete,8.00,09-cera-modeladora-caramelo-70g-sete-sete-for-man.jpg
Ceras & finalização,Cera Modeladora Coffee 70g Sete Sete,8.00,10-cera-modeladora-coffe-70g-sete-sete-for.jpg
Ceras & finalização,Cera Modeladora Extra Forte 70g Sete Sete,8.00,11-cera-modeladora-extra-forte-70g-sete-set-for-man.jpg
Barba & cabelo,Balm Big Barber p/ Barba (a partir de 6 un.),19.50,01-balm-big-barber-para-barba-a-partir-de-6-unidades.jpg
Barba & cabelo,Óleo para Barba 77 For Man (a partir de 6 un.),17.50,18-leo-para-barba-77-for-man-a-partir-de-6-unidades.jpg
Barba & cabelo,Leave-in 77 For Man (a partir de 6 un.),19.00,16-leave-in-77-for-man-a-partir-de-6-unidades.jpg
Ferramentas & equipamentos,Máquina Kemel,60.00,17-m-quina-kemel.jpg
Ferramentas & equipamentos,Óleo para Máquinas,12.00,19-leo-para-m-quinas.jpg
Ferramentas & equipamentos,Gola Higiênica,35.00,15-gola-higi-nica.jpg
Ferramentas & equipamentos,Cumbuca + Pincel Santa Clara,15.00,12-cumbuca-pincel-santa-clara.jpg
Ferramentas & equipamentos,Pente Umi Carbono,18.00,21-pente-umi-carbono.jpg
Ferramentas & equipamentos,Pente Umi Carbono com Régua,16.00,22-pente-umi-carbono-com-r-gua.jpg
Ferramentas & equipamentos,Borrifador Gatilho,30.00,02-borrifado-gatilho.jpg
Ferramentas & equipamentos,Borrifador Jato Névoa,20.00,03-borrifador-jato-n-voa.jpg
Ferramentas & equipamentos,Escovinha para Disfarce,12.00,13-escovinha-para-disfarce.jpg
Ferramentas & equipamentos,Espanador Cabo Curto,25.00,14-espanador-cabo-curto.jpg
Ferramentas & equipamentos,OX Yama,27.00,20-ox-yama.jpg
Química,Pó Descolorante Yama 9 Tons Platinado,37.00,23-p-descolorante-yama-9-tons-platinado.jpg
Química,Pó Descolorante Yama 8 Tons,35.00,24-p-descolorante-yama-8-tons.jpg
